,experiment,mean_error_m,max_error_m,min_error_m,slope,intercept
0,01_1,10.164230655718091,27.5060700114943,-5.726288269680193,-18.648437396943958,-19.37073727660383
10,01_2,5.355882589007556,11.008698961582276,-6.772401025117139,-20.87273709437589,-15.804954850628867
20,02_1,2.879089487589389,6.553181007268442,-4.3356128373206015,-21.331254524289214,-12.80286397407681
30,02_2,7.530436694398947,19.439852433543308,-7.871573583584819,-17.557665052756636,-17.6398432685001
