{"02_1": {"pos1": {"estimated_pos": null, "actual_pos": [-326.7278076217044, 278.98755345027894], "diff_m": null, "anchors": [["a", -80.65714285714286, 1516.9780282020483, 167.3380742690404], ["b", -63.483870967741936, 237.63134208264216, 26.213149057410472], ["c", -69.525, 456.1516403139221, 50.31815599548617]]}, "pos2": {"estimated_pos": null, "actual_pos": [-287.79019783320837, 128.69798178225756], "diff_m": null, "anchors": [["a", -85.0, 2424.2117834939095, 267.41516615833007], ["b", -80.7910447761194, 1539.0635566411027, 169.774332230262], ["c", -73.15094339622641, 674.6707802695345, 74.42303516399892]]}, "pos3": {"estimated_pos": null, "actual_pos": [-218.91166489198804, 194.24191313050687], "diff_m": null, "anchors": [["a", -80.16666666666667, 1438.7521265570945, 158.70896330245594], ["b", -61.88235294117647, 199.90573213920828, 22.051631354981126], ["c", -73.725, 717.799955560727, 79.18062097201089]]}}, "07": {"pos1": {"estimated_pos": null, "actual_pos": [-326.7278076217044, 278.98755345027894], "diff_m": null, "anchors": [["a", -80.65714285714286, 463.87375015670455, 71.54715419858452], ["b", -63.483870967741936, 103.9878535690364, 16.038922210127872], ["c", -69.525, 175.96706616395414, 27.14088221730989]]}, "pos2": {"estimated_pos": [-561.8306035657879, 246.99293874017894], "actual_pos": [-287.79019783320837, 128.69798178225756], "diff_m": 298.4825636712357, "anchors": [["a", -85.0, 677.0604496877107, 104.42873385097812], ["b", -80.7910447761194, 469.31385495300873, 72.3862273657688], ["c", -73.15094339622641, 241.29511763793437, 37.216977643539465]]}, "pos3": {"estimated_pos": null, "actual_pos": [-218.91166489198804, 194.24191313050687], "diff_m": null, "anchors": [["a", -80.16666666666667, 444.47993150079174, 68.55588225572241], ["b", -61.88235294117647, 90.45243984233976, 13.951241385941435], ["c", -73.725, 253.6628199239858, 39.124552500369326]]}}}